section,category,templates,routes,Homepage,Parents audience page,Sitters audience page,Trust & Safety,FAQ,Contact,Careers,Blog index,Blog article,Terms of Use,Privacy Policy,Log in,Not found (unmeasured placeholder)
chrome.nav,CHROME,12,20,x,x,x,x,x,x,x,x,x,x,x,,x
chrome.footer,CHROME,12,20,x,x,x,x,x,x,x,x,x,x,x,,x
chrome.shape-defs,CHROME,12,20,x,x,x,x,x,x,x,x,x,x,x,,x
hero.post,HERO,1,10,,,,,,,,,x,,,,
content.rich-text,CONTENT,1,10,,,,,,,,,x,,,,
content.related-posts,CONTENT,1,10,,,,,,,,,x,,,,
hero.page,HERO,3,3,,x,x,x,,,,,,,,,
hero.centered-title,HERO,3,3,,,,,x,x,x,,,,,,
hero.legal-title,HERO,2,2,,,,,,,,,,x,x,,
explain.tabs,EXPLAIN,2,2,,x,x,,,,,,,,,,
proof.testimonials,PROOF,2,2,,x,x,,,,,,,,,,
proof.common-questions,PROOF,2,2,,x,x,,,,,,,,,,
content.legal-prose,CONTENT,2,2,,,,,,,,,,x,x,,
convert.cta-card,CONVERT,2,2,,x,x,,,,,,,,,,
hero.home,HERO,1,1,x,,,,,,,,,,,,
hero.blog-index,HERO,1,1,,,,,,,,x,,,,,
explain.beta-banner,EXPLAIN,1,1,x,,,,,,,,,,,,
explain.how-it-works,EXPLAIN,1,1,x,,,,,,,,,,,,
explain.join-card,EXPLAIN,1,1,x,,,,,,,,,,,,
proof.press-bar,PROOF,1,1,x,,,,,,,,,,,,
proof.video-facade,PROOF,1,1,,,,x,,,,,,,,,
proof.trust-cards,PROOF,1,1,,,,x,,,,,,,,,
content.faq-category-rows,CONTENT,1,1,,,,,x,,,,,,,,
content.post-grid,CONTENT,1,1,,,,,,,,x,,,,,
content.load-more,CONTENT,1,1,,,,,,,,x,,,,,
convert.cta-band,CONVERT,1,1,,,,,,,,x,,,,,
convert.contact-form,CONVERT,1,1,,,,,,x,,,,,,,
convert.contact-info,CONVERT,1,1,,,,,,x,,,,,,,
recruit.gap-intro,RECRUIT,1,1,,,,,,,x,,,,,,
recruit.gap-stats,RECRUIT,1,1,,,,,,,x,,,,,,
recruit.values,RECRUIT,1,1,,,,,,,x,,,,,,
recruit.benefits,RECRUIT,1,1,,,,,,,x,,,,,,
recruit.compensation,RECRUIT,1,1,,,,,,,x,,,,,,
recruit.positions,RECRUIT,1,1,,,,,,,x,,,,,,
auth.login-form,AUTH,1,1,,,,,,,,,,,,x,
content.not-found-stub,CONTENT,1,0,,,,,,,,,,,,,x
ROUTE COUNT,,,21,1,1,1,1,1,1,1,1,10,1,1,1,0